"date","LV","d_EPU","d_MPU","d_GEPU","d_TPU","d_CPU","d_RU","d_MU","d_FU","d_WUI","d_IDEMV","EMV","SVAR","RSK_SP","RSK_Oil","GPR","RA","EU","log_VIX","log_OVX","MA_1_9","MA_1_12","MA_2_9","MA_2_12","MA_3_9","MA_3_12","MOM_1","MOM_2","MOM_3","MOM_6","MOM_9","MOM_12","VOL_1_9","VOL_1_12","VOL_2_9","VOL_2_12","VOL_3_9","VOL_3_12"
2008-03-01,-4.26677574621069,-36.88004,-55.6040802001951,-35.23022810286,-5.44694275131324,-21.8842862829724,0.0117910491133499,0.0101906765053901,0.0112872545295349,-1185.7,0.75,23.83,0.00322564251323546,-0.851418509408935,0.256379821160236,80.75146484375,3.50852160961843,6.33939310212074e-05,3.27865306340019,3.55019192557566,1,1,1,1,1,1,1,1,1,1,1,1,1,1,1,1,1,1
2008-04-01,-5.08886355953003,3.60767,-0.638999938964901,20.1881656985592,-9.48727791291294,-31.8729537524308,0.017535408366513,0.010954203466357,0.0200583286350851,-4114.4,-0.26,28.79,0.00633767025547967,0.935504637366142,-0.336263484172278,77.6361389160156,3.41164342927176,6.93366047509011e-05,3.24298292404398,3.67173328751763,1,1,1,1,1,1,0,1,1,1,1,1,0,0,1,1,0,1
2008-05-01,-4.89614492972118,-9.51546,-31.0604820251465,-27.9411408174056,21.2912104200922,31.8472617033605,0.032145639809612,0.028404954831988,0.0443449879164129,2332.7,-0.11,22.19,0.00290373492214171,1.14590981377359,-0.0308274021318814,71.9048080444336,3.13737191863934,5.65172606478578e-05,3.03447214590683,3.65117759881372,1,1,1,1,1,1,1,1,1,1,1,1,1,1,0,1,1,1
2008-06-01,-4.11498517228248,-7.91285000000001,31.6609611511231,-13.6275692509437,-52.3084205013736,9.31848080613901,0.028587202202195,0.0397712818201309,0.0568586790373899,691.699999999999,-0.38,18.93,0.00164065263953973,-0.522943844418566,-0.452483963382285,72.5737991333008,2.98365747143515,5.23529789559481e-05,2.88088242759608,3.74478706801584,1,1,1,1,1,1,1,1,1,1,1,1,1,1,1,1,1,1
2008-07-01,-4.23483439769038,0.272710000000004,-9.8059463500977,8.98666763811035,1.71172187979361,-17.1761093075112,0.022590227721913,0.0329291547031101,0.0878797985858801,1486.5,0,18.25,0.00342523535758376,-0.475578568849193,0.871949826874242,87.5484237670898,3.24284709216678,5.55962734775718e-05,3.17596835571243,3.8091039649506,1,1,1,1,1,1,1,1,1,1,1,1,1,1,1,1,1,1
2008-08-01,-4.5220763952861,15.23222,-2.84440612792959,9.34203644380919,-14.1455374659302,-20.0949454439969,0.0312751225179759,0.0435999590656689,0.0476170170493,-6551.9,0,27.89,0.00446583885504455,0.0724026887058712,0.120188023707349,89.7395706176758,3.17657266285768,5.89965712756583e-05,3.13288213498185,3.85057305284743,1,1,1,1,1,1,0,0,1,1,1,1,1,1,1,1,1,1
2008-09-01,-2.55639436823655,-13.91823,46.2282485961917,-6.11425314000081,11.4131104876341,-19.5040443845035,0.0443416032360291,0.068003675003413,0.0788963908282299,2715.1,0.48,18.81,0.00344784936446668,0.314476532198441,-0.180157981451748,88.5541076660156,3.19089543823954,6.48632776830172e-05,3.02771530093393,3.91641337803655,1,1,1,1,1,1,0,0,0,1,1,1,0,1,1,1,1,1
2008-10-01,-3.0131827239654,91.86955,-24.8044357299808,72.2320547713161,-9.81988698214439,56.8343323321639,0.0616198393020759,0.081620135270225,0.13133274925934,499.4,0,55.97,0.0238040428578633,-0.520973899656766,0.61988909480363,88.5425567626953,4.84580644714464,0.000111940737526586,3.67351196148773,4.08698423087308,0,0,0,1,1,1,0,0,0,0,1,1,0,0,0,0,1,1
2008-11-01,-2.78257924529961,2.17699000000002,3.778450012207,46.078799833612,32.7132000901286,-8.92353992933209,0.00950894035911698,0.07684282684487,0.12632217536291,2392.6,-0.11,69.83,0.0580885274892331,0.832312198132194,0.0610695013219448,64.159797668457,8.03018068147156,0.000149725009464247,4.09250953608516,4.38900221810487,0,0,0,0,0,0,0,0,0,0,0,0,0,0,0,0,0,0
2008-12-01,-2.1124696229852,-41.07472,-50.5199928283691,-65.0242994633548,23.3708584080554,65.4733229435764,0.016832954180883,-0.00539504185340989,-0.04744137172489,740.1,1.71,36.67,0.0362568738007123,0.183013899398045,0.463502418709402,79.0809707641602,7.55004698737484,0.000144080391011449,4.01241115737723,4.38527139145515,0,0,0,0,0,0,0,0,0,0,0,0,0,0,0,0,0,0
2009-01-01,-2.73486025485772,-2.84787,-4.746509552002,1.06980742628437,-50.6826613555264,49.4190628251585,0.011160102470373,-0.0234742011759002,-0.04285551954941,-4862.8,-1.29,29.52,0.020090074176541,-0.824736772874501,0.621210204390483,92.3664321899414,5.12547999956793,0.000137348359987541,3.68887945411394,4.48784954684319,0,0,0,0,0,0,0,0,0,0,0,0,0,0,0,0,0,0
2009-02-01,-2.9533330802869,25.95151,4.59407424926761,0.701897012987359,9.76166363859484,-109.116779284102,0.010320905940131,-0.0108489164430998,0.0094486690220601,384.200000000001,0.33,31.16,0.0119710993879864,0.0590534599473552,-0.367066723479386,85.3694763183594,6.69851391184327,0.000127239241262276,3.8031006016069,4.34510326077838,0,0,0,0,0,0,0,0,0,0,0,0,0,0,0,0,0,0
2009-03-01,-2.89994729162314,15.16782,2.05959701538089,2.13815715648872,-1.51526303784848,141.06141338204,-0.040931773486378,-0.0498317538055602,-0.0236311823142501,3314.9,-0.57,33.24,0.00996121457295192,-0.0842160236738731,0.895260958849885,67.4526748657227,7.47852569532616,0.000132547443698506,3.83622125909107,4.22741752980403,0,0,0,0,0,0,1,1,0,0,0,0,0,0,0,0,0,0
2009-04-01,-3.56886849863173,-20.21065,-3.29726791381839,-15.1571499746708,15.2410890730104,-104.727852228056,-0.0371418098327501,-0.0505453633193269,-0.0518259153657599,5314.4,1.3,34.06,0.0203643630703319,0.416913507437439,-0.209106888282968,72.6446228027344,6.13976948014308,0.000142197093747254,3.78736638700096,4.35683705098428,0,0,0,0,0,0,1,1,1,0,0,0,0,0,0,0,0,0
2009-05-01,-4.30737747872078,-35.04726,21.9064903259277,-29.9953756345367,-45.0005099833876,-29.5401844795636,-0.037063099284374,-0.036695111052645,-0.0407320328496401,-3665.7,3.16,24.75,0.00755103874160607,-0.624246904519866,-0.214476141533267,85.6884994506836,5.10437667227701,0.000108359330682375,3.59731226058845,3.96556377235618,0,0,0,0,0,0,1,1,1,0,0,0,1,0,1,0,0,0
2009-06-01,-4.49284139268171,6.94972999999999,-3.03147125244139,1.62060431186522,4.27917629530634,-47.045610809541,-0.02042233787834,-0.0279626336021861,-0.10095463151613,-670,-4.49,24.98,0.00638114099701058,0.137464470986596,-0.474538566196948,89.6808624267578,4.00264875025084,8.68800782087844e-05,3.36453339992867,3.72134663686577,1,0,1,0,0,0,1,1,1,1,0,0,1,1,1,1,1,0
2009-07-01,-4.11874762483038,-7.87236999999999,-28.8963394165039,12.714114999727,24.0649222889996,163.406814701521,-0.00857796550689793,-0.013015944199993,-0.0659230001589399,1815.4,-0.52,22.38,0.00347252599976481,-0.40827371306735,-0.0729801170435564,81.1095886230469,3.80699761054429,7.35395148534753e-05,3.2714682894644,3.75607067511982,1,1,1,0,1,0,1,1,1,1,0,0,1,1,1,1,1,1
2009-08-01,-4.59038493223731,-4.65133,19.4276161193848,-10.3681711791982,-23.1434609530486,-144.621827662723,0.00501097221370195,-0.018416971866233,-0.0312725037147201,-5616.5,0,20.37,0.0037710488208442,-0.230905313241406,-0.317554617715011,83.4396209716797,3.63350464598045,6.20437818227894e-05,3.25501487442751,3.82253586562615,1,1,1,1,1,1,0,1,1,1,1,0,1,1,1,1,1,1
2009-09-01,-4.25542709456843,26.26794,9.4905967712402,-3.20927738508476,6.98345904454757,48.6851015091342,-0.022779799203176,-0.040756662235658,-0.0540258208521398,2155.1,1.26,19.77,0.00217772706967846,-0.517313325347928,0.0184615822213805,73.3718795776367,3.50033307153408,4.94481402146036e-05,3.25848108826032,3.85206066749581,1,1,1,1,1,1,1,1,1,1,1,0,1,1,1,1,1,1
2009-10-01,-4.87002644582117,-7.10572000000002,-39.6851272583008,2.9364606389813,-16.0589516864048,18.8217310973973,-0.012012827376953,-0.025702151064703,-0.0263966357514001,-653.900000000001,-1.26,18.57,0.00191263017192344,-0.444337663028307,0.172881201866501,92.8399887084961,3.41463147476394,4.34960458153593e-05,3.24298292404398,3.81176057336895,1,1,1,1,1,1,1,1,1,1,1,0,1,1,1,1,1,1
2009-11-01,-4.98317822959691,-7.31381999999999,11.3596878051758,-13.9184156579216,3.32974275219748,-7.55251098836789,-0.016466272317475,-0.025947979118514,-0.01587094438085,5528,0.56,19.06,0.00389797264128218,-0.322699190440363,-0.329448185813663,90.5764007568359,3.83451945991896,4.72011960348875e-05,3.42393688603333,3.71673780821158,1,1,1,1,1,1,1,1,1,1,1,1,1,1,1,1,1,1
2009-12-01,-5.16199043995362,-21.96824,67.2022628784184,12.912400402854,11.5553890923543,49.2522327128567,-0.00485214093791408,-0.0132384062905651,-0.02698250778732,1486.1,-0.56,19.36,0.00200131880827469,-0.0197482935804645,0.179115378334665,82.1017608642578,3.30070614376198,4.09726815839139e-05,3.19908120687833,3.71770979130635,1,1,1,1,1,1,1,1,1,1,1,1,1,1,1,1,1,1
2010-01-01,-5.55920671401736,5.0587,-44.6346473693852,-2.6063025392901,-2.03291765568024,-37.9947799048256,-0.00638378866436895,-0.00903477677769493,-0.00903001104538004,-1417.2,0.39,14.91,0.000933438777302927,-0.450208168633564,0.172835025460835,92.9469146728516,3.08328710516015,2.71634070042551e-05,3.07639019064782,3.59071515903694,1,1,1,1,1,1,1,1,1,1,1,1,1,1,1,1,1,1
2010-02-01,-4.61391098686047,28.13827,29.9262351989746,15.2985285713229,65.4782970999708,-56.9026361127914,0.00879802329799906,0.000515909203937959,-0.00474847920175003,3782.9,0.11,22.08,0.00199170074790907,-0.276514663269429,0.563317297496755,91.5810241699219,3.22223989499263,2.87004400132274e-05,3.20355915484377,3.52783001018908,1,1,1,1,1,1,0,0,0,1,1,1,1,1,1,1,1,1
2010-03-01,-5.5028079078742,-16.56063,5.7697067260743,-3.5423560483795,-63.3254481852567,46.9617221771244,-0.00664183951420905,-0.00628855490401503,0.00563017463053006,6515.8,-0.5,18.2,0.00237324584070786,-1.10030714908626,-0.717381063345117,80.7253570556641,2.901058205924,2.73353253239945e-05,2.9704144655697,3.49103807636347,1,1,1,1,1,1,1,1,1,1,1,1,1,1,1,1,1,1
2010-04-01,-5.47158476786635,4.67138,-22.6174545288086,0.0362060496376699,24.413360742358,-61.4740760436242,0.01045600560965,-0.00835715140768489,0.0175938390422701,-10099,0,17.01,0.000633407091918317,0.447366003487795,0.0778955521702542,74.116943359375,2.83769269014155,2.05987055510581e-05,2.86733056742416,3.38811216272652,1,1,1,1,1,1,1,1,1,1,1,1,1,1,1,1,1,1
2010-05-01,-3.78357367989174,-0.392629999999997,-18.2293281555176,-5.36285799173697,-32.6071237618823,52.3484157798308,-0.00676382081645499,-0.022045659788509,0.0172950725660299,4049.9,0,20.62,0.00179384222248706,-1.20438390498452,-0.141376754733322,88.7615814208984,3.06248740751409,2.37444594577035e-05,3.09331256729243,3.40949618447685,1,1,1,1,1,1,1,1,1,1,1,1,1,1,1,1,1,1
2010-07-01,-5.08852178464985,-10.53426,27.0329818725586,-9.29908158192569,-10.3529956959829,-93.0893069835657,-0.0349741713309101,-0.034398316492235,0.00368046563555002,616.399999999998,0,21.08,0.00559175801417441,0.0992284122438371,-0.300170460616624,96.4536972045898,4.20393534285433,4.99256207444912e-05,3.54211809922482,3.67630067190708,0,0,0,0,1,1,1,0,0,0,1,1,1,1,1,1,1,1
2010-08-01,-4.96818498073432,39.4453,20.105972290039,10.3943171040521,6.505956134748,52.4809304132235,-0.019812756960423,-0.019823361311657,-0.00634788515790996,-2661,0.63,21.91,0.00334878155924634,-0.181705233117205,0.0808713963369174,79.3813781738281,3.16522876104796,3.76615224020142e-05,3.15700042115011,3.45062227951264,1,1,0,1,0,0,1,1,0,1,1,1,1,1,1,1,1,1
2010-09-01,-5.15894296491268,-32.70537,44.64958190918,-25.098425968194,18.4453274539411,37.9665348703732,-0.015135368993893,-0.017118788825102,-0.00491227574696995,11641.5,-0.63,16.9,0.0027046061076773,-0.00599785513110738,0.0961131216741538,80.9938659667969,3.48776240594344,4.65805435483165e-05,3.26001773891187,3.5412490884728,0,0,0,0,0,0,0,0,0,0,0,1,1,1,1,1,1,1
2010-10-01,-5.04405937443451,34.83763,-15.03239440918,9.91923354196202,-11.5723067149918,-77.525981907167,-0.00773051834744698,-0.00817268158102402,-0.0208729883538701,-11521.2,0.3,17.2,0.00233719251975577,0.811753962497065,-0.0497461649670582,71.1685485839844,3.3208031504329,4.50345612621137e-05,3.16547508033262,3.40252985737288,1,1,0,0,0,0,1,1,1,0,1,1,1,1,1,1,1,1
2010-11-01,-5.13036936831678,-18.72183,-15.965957641601,-6.43539191208826,59.2539036104411,-9.57744778281352,-0.00512375716147206,-0.00155467088297001,-0.0722513501747919,6515.8,1.06,17.02,0.00108006664148669,0.192395851961569,-0.591316073873208,65.9919357299805,3.20485943097915,4.32862303633569e-05,3.05400121766568,3.46947885582466,1,1,1,1,0,0,1,1,1,0,1,1,1,1,1,1,1,1
2010-12-01,-6.00164383585802,15.7107,-27.665672302247,4.65416684848462,-50.6964149151368,58.6974207194887,0.00101769672699403,-0.00370686873481696,-0.042769412816522,-13205.1,-1.36,17.12,0.00173795319753702,0.320951275578836,-0.489319699820727,94.7051696777344,3.33669441297745,4.28208487675984e-05,3.15870114072454,3.46229246188269,1,1,1,1,1,1,1,1,1,1,1,1,1,1,1,1,1,1
2011-01-01,-5.0154116086224,-13.72774,-4.965324401855,3.27439074178241,8.7502879074609,-79.2501916749334,0.022772894863209,0.02088748910911,-0.0196040203780861,336.9,0,14.1,0.000832133933688675,1.92291316340175,0.569350912385674,97.2038955688477,3.06846598924487,3.61002344467248e-05,2.87638551592142,3.3837120517932,1,1,1,1,1,1,1,1,1,1,1,1,1,1,1,1,1,1
2011-02-01,-4.58011592928677,-23.23739,-42.9080085754395,-20.4433092064497,8.67770754990067,53.816336649374,0.00637387871985506,-0.00295779108004401,-0.0415465947379869,1146,0.59,18.04,0.000863232015567009,-1.13316040580816,0.56483508585372,79.4216156005859,2.99988151285373,2.83794085833923e-05,2.97195178004709,3.56047774798411,1,1,1,1,1,1,1,1,1,1,1,1,1,1,1,1,1,1
2011-03-01,-4.9800804209178,3.33844000000002,9.346492767334,-17.7395401798427,-54.7032332100481,-24.6052615925248,0.00216273745795093,0.00672384523210201,-0.019715836106947,-1188.9,-0.59,13.26,0.00106553315954092,-0.99466548084232,2.43318869739452,90.0144882202148,2.88692261013704,2.4542152672919e-05,2.90962959528912,3.66484285674819,1,1,1,1,1,1,1,1,1,1,1,1,1,1,1,1,1,1
2011-04-01,-5.31427069771214,28.84547,7.1974639892578,33.7816358996605,32.069839776399,0.712131929075582,0.00592636510493605,-0.000657153538685007,-0.015608074634622,-1711.2,0.29,18.44,0.00234709638014809,-0.303792220240381,-0.333443733088677,136.888305664062,2.78935651268299,2.32712877753999e-05,2.87582196397941,3.54443151889551,1,1,1,1,1,1,1,1,1,1,1,1,1,1,1,1,1,1
2011-05-01,-4.02659441590972,-16.85849,8.2538299560547,-11.5331970652163,-36.2863747904547,40.0093817911627,-0.012128784780931,-0.00749753741288495,0.00354739225253808,-1690.6,-0.29,16.57,0.00063653117336941,-0.146689070745447,-0.806204007418205,91.0177688598633,2.72532515210491,2.2041391209045e-05,2.69124308278583,3.41411358684474,1,1,1,1,1,1,1,1,1,1,1,1,1,1,1,1,1,1
2011-06-01,-4.74107658817028,-31.30381,-19.6270904541016,-24.8682502184664,0,-129.881128808615,-0.0147345777422629,-0.00236176219033102,0.020809479242955,3288.3,0,14.91,0.00093420622760879,-0.133557942623027,-0.962296791477499,105.344917297363,2.93807712354496,3.50670497435184e-05,2.73760899099846,3.51184385166068,1,1,1,1,1,1,0,0,1,1,1,1,1,1,1,1,1,1
2011-07-01,-5.37711813250509,31.89655,-24.4186897277832,30.565156780602,90.8342635387211,85.9528983040317,-0.013037564039813,0.000181903584053011,0.034466021796543,-1526.1,0,18.84,0.00229474414062019,-0.389940536863952,-0.725558235163952,84.391845703125,3.09021771485605,4.45958425763143e-05,2.8045717958025,3.44553321494495,0,1,1,1,1,1,0,0,0,1,1,1,1,1,1,1,1,1
2011-08-01,-3.98586048050746,39.82774,62.4599647521968,29.3044375833849,-44.2829259678669,-15.210991613201,-0.00150574250011593,0.00825901264710394,0.057302925546745,4232.6,0,25.28,0.00183074263624978,0.0412863511042212,-0.182977379257339,78.9247589111328,3.34667472567813,3.69268317716256e-05,3.22882615572137,3.51571581696112,0,1,0,1,1,1,1,0,0,1,1,1,1,1,1,1,1,1
2011-09-01,-4.1986796788752,47.21035,0.56324005127,62.9282585410328,-7.89556303667189,60.423307777302,-0.00538752078739502,0.00686199082165706,0.0706876102353949,-1121.5,0.36,60.87,0.0192222187573076,-0.359095600842475,-0.733870622963888,86.9515686035156,3.28354477424208,6.06465292278509e-05,3.45378985832255,3.79166169006205,0,0,0,0,0,0,0,0,0,0,1,1,0,1,0,1,0,1
2011-10-01,-4.29535784205779,-40.49692,62.56657409668,-22.346890576684,112.216739303969,7.80129411513232,-0.00345001063179007,-0.011751031291917,0.04506208819877,2955,-0.36,28.1,0.00691585124488703,-0.0516760141839101,-0.00744668603870565,83.3504486083984,5.68406095823757,6.87543988214134e-05,3.76026942888945,4.01962102150705,0,0,0,0,0,0,0,0,0,0,0,0,0,0,0,0,0,0
2011-11-01,-5.2455215412927,-44.89022,-50.030456542969,-28.0726309037495,-64.76476866951,-8.3272263388686,0.00307225905942099,-0.010090026820135,-0.00975144126289984,3647,0,29.69,0.00740084704166669,-0.279609561602767,0.155133020206082,76.3399353027344,3.5802809047965,5.02020380109536e-05,3.3998631280907,3.7672283817254,0,0,0,0,0,0,1,1,0,0,1,1,0,0,0,0,0,0
2011-12-01,-4.98235206730585,6.59945000000002,-30.0160675048829,25.4385145165918,-70.5053859436318,-48.0761437793515,-0.00448132439483395,-0.0131888527257039,-0.0888085505667771,-4023.3,0,22.29,0.00767943194475854,0.200309640523029,-0.690059040319118,83.1576766967773,3.3324922168299,5.16413065412182e-05,3.32503599325273,3.71357206670431,1,1,0,1,0,0,1,1,1,0,1,1,1,1,0,0,0,0
2012-01-01,-5.59176470833181,23.05934,-25.5698661804199,-13.697013817836,9.51428415768117,117.323142619996,0.00655228339133496,-0.00357714888115701,-0.061822596307434,-384.200000000001,0,23.17,0.00276409760097378,0.399099198351378,-0.842446932351277,85.3413238525391,3.3719273118454,5.71642321628057e-05,3.15273600606153,3.6568727013053,1,1,1,1,1,1,0,1,1,1,0,1,0,0,0,0,0,0
2012-02-01,-5.75626076137474,-11.11183,33.6201896667481,-23.4730736438174,50.129102910101,-135.048683576149,-0.006377356883845,-0.008598131709872,-0.032177502158108,475.5,0,21.88,0.000648354904608432,0.857725656189944,1.17204213347803,79.6349716186523,3.134594909613,5.08494031888617e-05,2.96733282650439,3.47537682234,1,1,1,1,1,1,0,0,1,1,0,1,0,0,0,0,0,0
2012-03-01,-5.5172741027498,-28.64945,26.5650711059567,-13.4819015142583,-77.5575359830269,-30.4458546205831,-0.0174558685774839,-0.0145931870307541,-0.039223732751079,109.5,0.38,18.29,0.00062369884450696,0.557390166053044,-0.238099699614913,92.4458236694336,3.03603949154545,4.60473306705668e-05,2.91397978824037,3.48185529875598,1,1,1,1,1,1,1,1,1,1,1,1,1,0,0,0,0,0
2012-04-01,-5.86145504961237,-12.08396,-63.9433364868161,-8.71397613314718,1.91070891150784,50.0203922807576,-0.00168665824774306,-0.00255902299956401,-0.022672991524019,-156.299999999999,0.89,16.1,0.00115526741200981,0.183721032070825,-0.32157492699651,88.7599792480469,2.88116411499051,4.33296620266453e-05,2.7408400239252,3.36729582998647,1,1,1,1,1,1,0,1,1,1,1,0,0,0,0,0,0,0
2012-05-01,-5.1949170414299,-0.956430000000012,-5.06259918212891,-2.57172255288398,19.0945161102217,-46.6071691279827,-0.00684361672426792,-0.00458653876450399,-0.00606704630412891,-2542,-0.61,15.36,0.00162754787191376,0.0861547051068438,-0.219383073886676,96.0166854858398,2.92276303994279,4.6462048697946e-05,2.84199815136882,3.22485788137797,1,1,1,1,1,1,1,0,1,1,1,0,1,0,0,0,0,0
2012-06-01,-4.18225210627338,21.96529,21.1181259155273,29.8587600415006,-27.621037435216,-39.1189928253034,-0.004892544599296,0.00167976800425107,0.0112144320376,-1203.6,-0.66,22.26,0.00149609616860166,0.408723501920161,-0.491960901566849,78.1711578369141,3.41844025181503,5.73434773605931e-05,3.18055068834962,3.54933001547967,0,0,0,0,1,1,0,0,0,0,0,0,0,0,0,0,0,0
2012-07-01,-4.71045405342488,36.04859,63.4599456787107,23.4876888120239,15.42403269186,8.21989947611367,0.000284321465815918,-0.00110839289343101,-0.033451609981877,21626.9,0,22.66,0.00343722230006914,-0.411284632700524,1.38841741967761,77.8224334716797,2.87873309404777,5.27894830881499e-05,2.83790818389357,3.55534806148941,0,0,0,0,0,0,0,0,0,0,1,0,0,0,0,0,0,0
2012-08-01,-5.4808322581173,-9.73086999999998,-31.05704498291,-31.0996601667755,16.7277811283148,115.509682754094,0.00647507707580608,0.00539633615146295,-0.029360885351212,-3157.3,0.53,19.92,0.001552837871293,0.743053551958212,-0.103014451372354,82.8080215454102,3.06809445049149,5.42809626571729e-05,2.94074798134251,3.54182847604994,0,0,0,0,0,0,1,1,0,0,0,0,0,0,0,0,0,0
2012-09-01,-5.71158355130736,-32.52623,-38.1757736206054,-35.1168155033939,-7.2531512876325,25.4773668939329,0.000452014242843912,0.00533921615249999,-0.021479575397755,2190,-0.53,16.61,0.000728285583558981,1.13023237791985,1.27716818836568,74.8783569335938,3.03252059797375,5.26835179429771e-05,2.8604850848417,3.44680788076549,0,1,0,0,0,0,1,1,1,0,0,1,1,1,0,0,0,0
2012-10-01,-5.03064959146647,22.92358,37.3967590332034,36.6185415182024,15.9761952215532,-80.9628685455213,0.00278105149300001,-0.00124641074818599,-0.018411345526371,-10441.2,0,16.11,0.00104463933352533,1.11797141953395,-0.695315444685845,69.2805099487305,2.87034908184961,4.65847071077134e-05,2.75556968796887,3.47970046666133,0,0,0,0,0,0,0,1,1,0,0,1,0,0,1,0,0,0
2012-11-01,-4.95147179140102,-9.33252999999999,22.508308410644,-2.46527265142768,22.3594380913927,4.20212124839991,0.00949410667303907,0.00167704668468305,-0.00693886939115496,-4517.5,0,17.12,0.000925533992940927,-0.702412643288633,0.426058940111958,81.6636657714844,2.93551685605369,4.14478458846109e-05,2.92316160122828,3.47134515104764,0,0,0,0,0,0,0,0,0,0,0,0,0,0,0,0,0,0
2012-12-01,-5.91494974709431,21.54612,-49.0288619995114,14.6346876031658,-70.7853806778774,50.3335667418965,0.0143528657894569,0.010517328109925,-0.00197085588502699,10658.3,0,15.51,0.00190265060582652,-0.405122041638886,-0.794079992349652,81.3896408081055,2.80615168875548,4.59485693074169e-05,2.76443052732717,3.31854017836613,0,0,0,0,0,0,1,0,0,1,0,0,1,0,0,0,0,0
2013-01-01,-6.66681999491767,5.33453999999998,61.3064575195314,4.40745494280361,22.9757166039255,-45.6163899637516,0.010872279244152,0.00669784578396293,0.00921948033076492,8586.2,0,16.37,0.00103570238782688,0.56824977870928,-0.0180083015714762,74.8315582275391,2.92388058079319,4.47036275328883e-05,2.89148227758328,3.34814818738919,1,0,0,0,0,0,1,1,0,1,0,0,1,1,1,1,0,0
2013-02-01,-6.37773240196001,-35.29188,-26.038764953613,-3.03915535059642,-14.1659653266253,36.6841220779972,-0.019055709778963,-0.00353414735503499,0.00942936602109601,-8606.3,0.33,17.57,0.000906803599113957,2.38381912505757,0.036855891775713,90.6574935913086,2.75536492344096,4.0609869399429e-05,2.65885993821194,3.11529154922952,1,1,1,1,1,0,1,1,1,1,0,0,1,1,1,1,1,1
2013-03-01,-6.52215082270336,-42.87918,-42.1238555908208,-44.3674838257324,15.4809277391885,-66.73975251045,-0.008991427415873,-0.012068864013312,-0.011041969271992,-10862.1,0.25,18.75,0.00124274391308866,-0.644503449447817,-0.445623893525544,81.59033203125,2.80275218979638,4.30274212495633e-05,2.7414849919455,3.16167037694882,1,0,1,1,1,1,0,1,1,0,1,0,1,1,1,1,1,1
2013-05-01,-5.62137411200286,-6.23033000000001,-14.9623374938965,-9.36286472011102,3.7492144858805,-19.0961691548773,-0.00902961414027803,-0.019216408904822,-0.00227241688619495,-10873,0,15.79,0.00168274494950038,-0.919855698771516,-0.180540133182425,95.1078720092773,2.71098991994036,4.23248738276434e-05,2.60417010447308,3.20152617411242,1,1,1,1,1,1,0,1,0,1,1,0,0,1,1,1,1,1
2013-06-01,-5.91225868646159,-14.40594,1.8363571166993,-28.4488145152357,-9.88262336185327,-12.9665294832483,0.00167329957657703,-0.00721152634477107,0.012094033866364,-5999.9,0,15.01,0.00101555805759379,-0.425322229452887,0.25055646100703,83.7173156738281,2.86032732540101,4.11061674518473e-05,2.79116506100661,3.19499287815383,0,1,1,1,1,1,0,0,0,1,0,1,0,0,0,0,1,1
2013-07-01,-5.60893175899565,10.31159,115.844562530517,19.7591419902805,34.7507492188101,16.2868223118667,0.00750606863757797,-0.00345027611840298,0.008946055042239,-596.9,0,16.89,0.00224767993995227,-0.465701579757832,-1.51195850835796,82.9730072021484,2.87668884519179,4.20251352955591e-05,2.82494398877487,3.10772081301806,1,1,1,1,1,1,1,1,0,1,1,1,0,0,0,0,0,0
2013-08-01,-5.54140578770032,-20.57623,-98.1035537719722,-19.5571607889613,-4.34654627992411,60.5327644292604,0.0158116070873761,0.00302829861599196,0.021425447446132,1627.5,0,15.04,0.000502065488268719,0.85343559459456,0.0420024165037251,73.9758148193359,2.78014723145048,3.7697047421995e-05,2.59897909186682,3.1333179697501,1,1,1,1,1,1,1,1,1,1,1,1,1,1,1,1,0,0
2013-09-01,-5.75727510604555,8.73075999999999,19.6647872924805,11.3551173676167,-19.6191034719562,-98.4382883852824,0.00316495720328791,-0.00341905116815699,-0.000974561892768011,-1258.5,0,13.4,0.000950424693989841,-0.189608321374189,0.652507457554009,90.9567489624023,2.86463232216723,3.54556526697659e-05,2.83380141986349,3.33576958991513,1,1,1,1,1,1,1,1,1,1,1,1,1,1,1,1,1,1
2013-10-01,-5.8455479295609,41.63111,37.3034973144527,19.3093717468512,51.479218863573,36.4172863110068,-0.00815434880505594,-0.0105935669851059,-0.00518961088124492,1290.2,1.42,19.15,0.000622220773974521,0.216548327944036,0.719209822301685,100.459327697754,2.86977199651918,3.82926522567762e-05,2.8094027183426,3.13462425250052,1,1,1,1,1,1,0,0,1,1,1,1,1,1,1,1,1,1
2013-11-01,-6.1104097155631,26.62047,46.908432006836,29.8572285046447,-69.1010331753725,52.1562744178351,0.00971160381929803,0.003691045825026,-0.016734871024038,6268.8,-1.42,19.51,0.00143836761477042,0.33376748152804,0.358380922690314,72.9531173706055,2.66826977964201,3.35340886955688e-05,2.62103882411258,3.02480552845047,0,0,1,1,1,1,0,0,0,1,0,1,0,0,1,1,1,1
2013-12-01,-6.35765990638447,-81.11611,-95.9377822875973,-64.6414517448112,11.2511107485292,-67.2470033317343,0.004098577156738,0.00111492630425103,-0.00448870078278196,-9076.4,0,15.26,0.000644399434447795,-0.321063781933681,0.173543143097434,77.7790222167969,2.71335574788238,3.28196040845007e-05,2.61739581891183,2.99573227355399,0,0,0,0,0,1,0,0,0,1,1,1,0,0,0,0,0,0
2014-01-01,-5.74671893458158,14.69598,-0.698135375976605,18.8026035660595,-8.97084138763945,25.3054656561912,0.0128003518518149,0.00459621402468691,-0.000239053960013003,4898.1,1.25,15.09,0.00074551790892849,0.61489203077821,0.211114275088875,70.3724899291992,2.62844999002195,2.41966492886896e-05,2.61885464176048,2.87694875045151,1,1,0,0,0,0,1,1,0,1,1,1,0,0,0,0,0,0
2014-02-01,-6.49290773114437,-11.10138,28.9897232055669,-7.38421127148834,24.6107274146143,36.7384630439744,0.021922451470615,0.00896392617193309,0.006159177787744,4303.3,0.87,15.26,0.00130358848173114,-0.44601262172758,-0.422127100838401,77.9159698486328,2.80988780695081,2.90964165735275e-05,2.91289398695667,3.01308093063404,0,0,0,1,0,0,0,1,1,0,1,1,0,0,0,0,0,0
2014-03-01,-5.91536031332598,-4.51539,-8.050682067872,-14.1102853939013,142.785244581881,35.2702479653823,0.000608112486747969,-0.000186505224330058,-0.000980654371646072,-54.5,-2.12,11.62,0.00125356293880284,-1.46782050451546,0.715415687345734,69.0035247802734,2.61988126501897,2.68030158447809e-05,2.63905732961526,2.92905809135348,1,1,1,1,0,1,1,1,1,0,1,1,0,0,0,0,0,0
2014-04-01,-6.08579058954297,4.48224,-5.6302719116207,13.5051054879659,-17.3945851547628,-124.895105093381,-0.013671568011286,-0.00884854537159696,-0.011476606982779,-2562.3,0.69,15.19,0.000869032534954219,0.349329675310824,0.033463575667131,119.838554382324,2.62385728611135,2.49493550596043e-05,2.63044896332368,2.95803041825377,1,1,1,1,1,1,0,1,1,0,1,1,0,0,0,0,0,0
2014-05-01,-6.71890014023742,-2.34957,-32.9395980834961,-4.20222861846375,-139.360007934163,83.4513606777958,-0.018582542845092,-0.010215061933449,-0.00204269430080495,-5635.6,-0.27,18.06,0.00136269673232978,-1.00569140182206,-0.55180969502108,93.2215423583984,2.55865490609992,2.2674917399923e-05,2.59600068591492,2.96372552074536,0,1,1,1,1,1,0,0,1,1,0,1,0,0,0,0,0,0
2014-06-01,-6.89144708427269,-0.725769999999997,51.2247238159178,-3.61107666137374,-9.79463718789114,-39.4051566697035,-0.011540483106701,-0.00193764138900598,0.00238814913154595,3692,-0.42,13.74,0.000555205785791901,-0.504955879493117,-0.0912742465930809,83.4288558959961,2.55455924790854,2.49782537466603e-05,2.43361332193819,2.74791171253357,1,1,1,1,1,1,1,1,1,1,0,1,0,0,0,0,0,0
2014-07-01,-5.10646713972867,-9.38463,-41.6254959106443,-15.6908621625292,-3.50725555277987,-43.2849407299527,0.003448977979154,0.004980373205836,0.018001569315507,2457.5,0,11.84,0.000282000159016906,-0.410139776764974,1.31323402565363,98.7671051025391,2.55295574400142,2.32182872147343e-05,2.44841551482911,2.8045717958025,1,1,1,1,1,1,1,1,1,1,1,1,1,0,0,0,0,0
2014-08-01,-5.70275320473601,-4.36273,37.2921066284183,3.03177423703234,14.9701663114295,56.7777745015582,0.010963585032391,0.013133998991794,0.026689365789121,602.5,0.39,14.06,0.000949118235286562,-1.05997274180193,-1.51308177096736,138.753952026367,2.7134221551944,2.47128189818272e-05,2.83026787883764,2.93279251034271,0,0,1,1,1,1,0,0,0,1,1,0,0,0,1,0,0,0
2014-09-01,-4.91230104502698,-5.38275,11.482627868652,2.67073405815343,-7.68660550912375,-78.5416280522036,0.00168236078587192,0.0134743882670469,0.00402234773822907,-6407.7,0.22,14.35,0.000546202262186083,-0.238572196996145,-0.245908771459442,136.445587158203,2.56069871032967,2.55188431788614e-05,2.4923786772477,2.81421041522651,0,0,0,0,0,1,0,0,0,0,1,0,0,0,0,0,0,0
2014-10-01,-5.083263529245,13.07478,-40.9576873779297,24.8825901707649,-10.2595275033142,144.355390005446,-0.00873947991039392,0.00983805910054403,0.00766573791160796,133.4,-0.08,11.19,0.000721023686487063,-0.51238588123398,-0.543046910626256,131.556655883789,2.72495124685332,2.79601847413735e-05,2.79177838388874,3.06898275656513,0,0,0,0,0,0,0,0,0,0,0,0,0,0,0,0,0,0
2014-11-01,-4.03513828521446,15.86974,6.76776123046871,-9.14247213660136,3.63913423107088,-157.924954825557,0.00370878317291901,0.0190601509749629,-0.012514051301828,265,0.35,21.93,0.00294399966703691,-0.241176886949005,-0.677503805538922,83.661003112793,2.57908262177839,3.09227001976117e-05,2.64119787508167,3.41838222141507,0,0,0,0,0,0,0,0,0,0,0,0,0,0,0,0,0,0
2014-12-01,-4.07314447787566,-11.64663,-46.8270874023437,6.77322743971638,6.73321688249526,111.357070002983,0.00544212340966499,0.024195797442605,-0.012343221862671,10731.3,0.4,13.89,0.000150254527271718,0.204420551976334,-2.11213347974543,84.3800506591797,2.67674186337854,3.34397644449794e-05,2.59001712846714,3.5956670347054,0,0,0,0,0,0,0,0,0,0,0,0,0,0,0,0,0,0
2015-01-01,-3.62967249558996,-3.37253,12.7047996520996,-8.06732572047264,-4.87127204451455,-7.0845068999958,0.00547357939152093,0.024516416119151,-0.00142113880988892,-8042.5,11.27,14.29,0.00199284430508246,0.650834943230745,0.716292654082323,86.5262222290039,2.8535653706707,3.59448367172303e-05,2.95491031877016,3.91681155556892,0,0,0,0,0,0,0,0,0,0,0,0,0,0,0,0,0,0
2015-02-01,-3.41032738933483,31.97313,113.97236251831,17.7618874749718,16.0714685023495,3.31562135666212,0.0105183037558241,0.023157191560875,0.013408258117233,8422.2,-11.88,23.34,0.00222662373520443,0.35732372517564,0.67030233254415,111.985694885254,3.00212231060415,4.49477939758311e-05,3.04309281216965,4.07107591706174,0,0,0,0,0,0,0,0,0,0,0,0,0,0,0,0,0,0
2015-03-01,-4.07431311674394,-16.84089,-24.274505615234,-13.4430316820006,-18.3969790745677,-22.1288042069027,0.0055005622407539,0.017834745315694,0.00365593034713896,4012.7,0,14.08,0.000813542242110722,0.627037856237404,-0.406165381336346,111.924697875977,2.69782400172079,3.79318148368449e-05,2.59076705192585,4.02266949819419,0,0,0,0,0,0,1,0,0,0,0,0,0,0,0,0,0,0
2015-04-01,-3.98260111952086,4.89839000000001,5.96688842773401,-4.23745040634898,12.4968337059195,-35.2561968476764,0.00279375789003911,-0.000714949960246014,-0.020306073489198,243.799999999999,0.96,12.38,0.00172037273966936,0.0490671010064051,0.252080345011044,104.23526763916,2.75485660394472,4.16231715969806e-05,2.72719901744607,3.98378539437848,0,0,0,0,0,0,0,0,0,0,0,0,0,0,0,0,0,0
2015-05-01,-4.78508098814432,4.42565999999999,-42.41104888916,-10.4000028194744,13.6928894917342,-42.5073817930767,-0.00721387849559008,-0.0176781064299609,-0.00347163901028502,-7170.3,-1.63,14.47,0.000574344171440674,-0.608486331289895,-0.619588721111789,102.190490722656,2.7502780909369,4.02518856008186e-05,2.67759100672643,3.59126659160021,0,0,0,0,0,0,1,1,1,0,0,0,0,0,0,0,0,0
2015-06-01,-5.10954550507497,-8.62485,-3.97917938232399,3.48396232387917,47.3193575705264,168.598297314386,-0.00333341037415502,-0.012427091820819,0.00596570029988297,-726.5,1.2,11.77,0.000887000873633741,0.202436561158944,0.092072317152068,76.2623291015625,2.77797903654574,4.4558557740433e-05,2.62756296121466,3.51868412686491,0,0,0,0,0,0,1,1,1,0,0,0,1,0,1,0,0,0
2015-07-01,-4.26613078589075,7.93384999999999,10.885185241699,14.7495900351101,11.8831753793643,-121.021998933348,-0.00317467606518795,-0.015438750601476,0.0193394865663881,3238.5,-1.2,14.93,0.0010521623056187,-0.692997635263836,0.18901844135887,85.9059677124023,3.03392095269771,5.03733790333137e-05,2.90306856358011,3.47908392972952,1,0,1,0,1,0,0,0,1,1,0,0,0,0,1,0,1,0
2015-08-01,-3.42867939888678,-10.03436,33.17032623291,3.88412157450684,-49.3102158825524,-3.77485687712982,0.000794485571933956,-0.00636820429500895,0.031863308709046,1647.7,0,23.86,0.00115978142180224,-0.344169078711392,-1.15519502527306,106.808662414551,2.76811930237331,4.98586007709109e-05,2.49485697119885,3.65893556987956,0,0,0,0,1,0,0,0,0,0,0,0,0,0,0,0,1,0
2015-09-01,-3.85058281411879,30.77689,73.971710205079,-3.27866991958521,-30.6632441761502,-0.434376126867107,-0.006792922994169,-0.00504867176853807,0.031273250519005,-4674.9,5.11,31.48,0.00584694958992011,0.200305829435949,0.927417748436484,82.4785308837891,3.48441212107344,5.96162081014175e-05,3.3474449363972,3.99581251151252,0,0,0,0,0,0,1,0,0,0,0,0,1,0,0,0,0,0
2015-10-01,-4.32171124407703,9.02636999999999,54.228378295898,33.8703350938886,-1.21993527068907,43.2464839307356,-0.00207298090832497,0.00159778157880908,0.013345377895688,-1119.8,-4.67,24.71,0.00405349447027715,-0.162773461173965,-0.307177351312739,98.7674560546875,3.2997696504131,6.22567557284408e-05,3.19867311755068,3.8181517998744,0,0,0,0,0,0,0,0,0,0,0,0,0,0,0,0,0,0
2015-11-01,-4.60211556317277,-35.82767,-76.87190246582,-37.7184990944953,48.9993231215755,48.6138664819684,-0.00512947321145296,-0.00272403524739406,0.00463977820305006,4677.7,0.2,19.64,0.00161890992255176,0.468624388994337,0.394692616180153,91.931884765625,2.84531158237734,5.42661987173109e-05,2.71270599238785,3.73647845110009,0,0,0,0,0,0,1,0,0,0,0,0,1,1,0,0,0,0
2015-12-01,-4.04580581620736,-10.79358,-108.246353149414,-10.6375232592573,-48.1058417267171,21.6133139733487,-0.000794567330875018,0.00809927640508501,-0.00671818382344802,-4255.9,-0.64,13.43,0.00111875732492434,0.45774152818174,0.869920854989319,150.715881347656,2.87432708540273,5.3189197659584e-05,2.78068084010777,3.87411341967625,0,0,0,0,0,0,0,0,0,0,0,0,0,0,0,0,0,0
2016-01-01,-3.04043041233313,7.24216999999999,28.8227310180664,7.23804621568809,-0.0275758049270038,-6.60980658920479,0.00166528708162905,0.020716781700728,0.015487463415546,-4471.1,0,16.98,0.00283848252847037,0.0568706994992525,-0.107611069386353,148.236877441406,3.00344083135957,5.89967535235138e-05,2.90197084346344,3.84095655044123,0,0,0,0,0,0,0,0,0,0,0,0,0,0,0,0,0,0
2016-02-01,-3.04676223061461,19.67258,68.020530700684,31.9571526712337,22.3055768237061,-88.2182172983273,0.0080396868115119,-0.00514592721257701,0.0103328760633891,1652.9,1.21,28.64,0.00430131577971563,0.198136174535867,0.847140415239411,118.211143493652,3.0127881637523,6.45853210300143e-05,3.00568264217644,4.12487377712358,0,0,0,0,0,0,0,0,0,0,0,0,0,0,0,0,0,0
2016-03-01,-3.69150448431678,-4.39063,15.01919555664,2.95634446768125,-16.5089808059607,-2.3629455479675,0.00547137495800409,-0.00725759960684091,-0.0347575975601341,1947.6,-0.65,24.87,0.0026015427143405,0.0691462213675786,0.653776504408362,103.749649047852,3.16165550263522,6.88019442531909e-05,3.02286090381624,4.09451118703164,0,0,0,0,0,0,1,0,0,0,0,0,0,0,0,0,0,0
2016-04-01,-3.63972960756676,-10.43375,-76.871894836426,11.806770777513,22.9158012994215,21.6600624147543,-0.00434424559308411,-0.00801223015430608,-0.0147355690490809,1745.1,0.0299999999999999,17.74,0.0012741565867468,1.02384565481277,-0.43230748426997,109.720291137695,2.82635300453735,5.62531808443922e-05,2.63547949459462,3.8266829549375,0,0,0,0,0,0,1,1,1,0,0,0,1,1,0,0,0,0
2016-05-01,-5.07887433097398,-19.93947,-31.6235198974605,-16.9937716657488,-6.26455477051121,102.364240046968,-0.00971575134152292,-0.022324909018738,-0.0403843571607361,-7159.4,-0.01,13.3,0.000817757658540795,-0.111927696929658,0.59258839768271,85.2214508056641,2.83052813209695,4.97332876355857e-05,2.75366070020555,3.74997456423959,1,1,1,0,0,0,1,1,1,0,0,0,1,1,1,1,1,1
2016-06-01,-4.25405621227533,-2.21007,-27.1521682739257,-16.4825009641133,33.9246287466461,-126.49830448182,-0.005935962504237,-0.015105684124302,-0.024491323218003,6434.4,-0.58,14.47,0.000995574762373554,0.168523175355355,-0.0251647016445509,88.3324203491211,2.7867136541704,5.09656569756999e-05,2.65253746160065,3.63968925800758,1,1,1,1,1,1,1,1,1,1,0,0,1,1,1,1,1,1
2016-07-01,-4.4656176364125,80.58785,290.539489746094,105.242233163903,194.224444661567,38.052861398387,-0.00431591051261304,-0.00596890436547703,-0.00897739346357007,-4043,0.64,20.14,0.00286442333142324,-1.18471207211742,-0.00642143227306583,90.1681289672852,2.7598078811159,5.2477870969599e-05,2.74919215175526,3.6399517844965,1,1,1,1,1,1,0,1,1,1,1,0,1,1,1,1,1,1
2016-08-01,-4.31989860066313,-40.66447,-84.878112792969,-26.13287472852,-154.769825156964,1.42463868207682,-0.009018821099398,-0.00326326030739899,0.00102665386254908,28549.9,-0.64,16.57,0.000477662939604904,0.911198593417509,0.090272689720792,114.610450744629,2.71718517045821,4.88475148480289e-05,2.47401419898039,3.71552142963326,1,0,1,1,1,1,0,0,0,1,0,0,1,1,1,1,1,1
2016-09-01,-4.18383763166627,-30.13575,-141.153060913086,-70.1812282056505,38.9716783691283,29.9206573938088,-0.00547469247078403,-0.00417182971979402,-0.00472281464251501,-1889.6,0,14.33,0.000279163603518802,0.390074493578187,-0.271488803608477,98.7384872436523,2.76092105139932,4.72920318981939e-05,2.59674613722863,3.67630067190708,1,1,1,1,1,1,1,0,0,1,1,0,1,1,1,1,1,1
2016-10-01,-5.08976241710229,-12.01994,-23.089050292969,0.766803038082685,-62.1948707530283,-13.6593066475417,-0.00215613477688992,-0.00384521367837598,0.008287833230048,-15709.7,0.38,13.76,0.00167311348003199,-0.858263831839698,-0.0492392201421571,104.545227050781,2.69749433165524,4.7817687450419e-05,2.5870118698548,3.67147897436867,1,1,1,1,1,1,1,1,0,1,1,1,1,1,1,1,1,1
2016-11-01,-4.09707067955824,12.70889,15.330635070801,-9.07235644839663,-9.54107289580243,-74.9688601688563,0.00699015175719897,0.00527773877765803,0.023720635897491,-9791.6,0.8,13.28,0.000364052267687285,-0.561266573125335,-0.235615635393981,85.7477874755859,2.85485320692041,4.5325952414021e-05,2.83673651075887,3.71259595837951,1,1,1,1,1,1,0,1,1,1,1,1,1,1,1,1,1,1
2016-12-01,-5.10762531806181,76.85997,166.772193908691,102.289642374897,456.880329948637,473.701178500771,0.00894882639352201,0.011626644723075,0.0135465257110781,8161,-1.18,18.36,0.000946375266955577,1.39762044224401,1.51558872358524,82.9187545776367,2.70963426189122,4.1527269787412e-05,2.59001712846714,3.78985537145394,1,1,1,1,1,1,1,1,1,1,1,1,1,1,1,1,1,1
2017-01-01,-5.14056684895132,-54.22577,-133.433227539062,-43.7420768853444,-265.298528676664,-203.110891157342,0.00446881051604597,0.00634891603599708,-0.056248443027875,3812.6,1.35,12.27,0.000524022274264743,0.205288483759931,-0.604605633120002,102.180465698242,2.676880788062,3.5388592207473e-05,2.64191039588064,3.42848823942339,1,1,1,1,1,1,1,1,1,1,1,1,1,1,1,1,1,1
2017-02-01,-6.09227811566897,19.71748,73.23681640625,62.3138988900896,199.682534369273,22.56786614252,-0.00252114661813696,-0.00529246853488508,-0.036531542184527,7508.9,-1.35,17.74,0.000335573246300725,0.37276804283418,-0.447753666589851,105.201232910156,2.6058645233701,3.32566962291351e-05,2.48407294995003,3.44457610252893,1,1,1,1,1,1,0,1,1,1,1,1,1,1,1,1,1,1
2017-03-01,-4.8966628929727,-1.53805,-98.011840820313,-61.0102137864205,-224.669613824384,-161.064064066785,0.00391253714992201,-0.00654332200780594,-0.026050572521246,-3343.3,0,15.7,0.00022391165894368,0.303009665814964,0.016148785822294,114.206359863281,2.62469344231734,3.23187154426424e-05,2.55877650425956,3.23710855716982,1,1,1,1,1,1,1,1,1,1,1,1,1,1,1,1,1,1
2017-04-01,-5.84421425489505,-13.55531,-12.418083190918,49.7344891402456,-98.1899723203153,68.7537995711047,-0.000964335824165108,-0.00261826953668398,-0.0170651515082501,-6136.6,0,14.35,0.000575305576274053,0.469527911881018,-0.697145204724324,96.6358795166016,2.62353118117574,3.45110050637807e-05,2.51527417715291,3.31745339375975,1,1,1,1,1,1,0,0,0,1,1,1,1,1,1,1,1,1
2017-05-01,-4.69474274850018,1.79442,11.426506042481,-59.6217797282174,1.40699394149897,22.4541635151727,0.0059478189035711,0.000172326630048958,-0.00799119132644599,-6546.8,0.53,17.04,0.000390549663005008,0.886020819391178,-1.19106181140007,119.459922790527,2.5807138794655,3.51617265165405e-05,2.38139624521355,3.3516569093791,0,1,0,1,1,1,0,0,0,1,1,1,0,0,0,0,1,1
2017-06-01,-5.00078197225028,-17.39962,-22.074157714844,-32.3019243842377,-66.0826036200966,-22.3743272075939,-0.000696372325746042,-0.00151957878475595,0.00226978832705105,-1737.4,-0.53,11.8,0.000503098220272459,-2.55552046138214,-0.948949085893028,102.579963684082,2.55664068461425,3.49791708536277e-05,2.34276686796906,3.47475761312346,0,0,0,0,0,1,0,0,0,0,1,0,0,0,0,0,0,0
2017-07-01,-5.38102501535118,-5.41201,21.85710144043,27.6181578789356,-0.409231825291144,107.430801945885,-0.00258734918145898,-0.00635386402026006,0.000195733117301033,-4916.7,0,12.23,0.000447562399519914,0.0234174208191534,-0.951013785482727,126.789016723633,2.55336250941427,3.18863218804421e-05,2.41412649502353,3.35689714934883,0,0,0,0,0,0,0,0,0,0,0,0,0,0,0,0,0,0
2017-08-01,-5.02103188668843,11.99464,24.571563720703,-6.75716964802876,5.28517550501932,-100.732939342594,0.000395868018791989,-0.000813632747614035,0.00360984797833797,1531,0,14.35,0.000258843488555812,-0.700679537172454,-0.679678881727525,102.813461303711,2.52733662318389,3.09215539317872e-05,2.32825286205079,3.42881255364286,0,1,0,0,0,0,1,1,1,0,1,1,0,0,0,0,0,0
2017-09-01,-5.44998917585194,-1.57533000000001,-23.467437744141,-24.3331703005037,-0.792387963128903,-56.7111435869365,0.00342234736703095,0.00592296151802607,0.012772671022403,4652.8,0.32,16.16,0.00075337680679242,-1.05856968154319,0.196823403962365,138.531616210938,2.52966347681516,3.31171298060959e-05,2.35991017402199,3.37073818728637,0,0,0,0,0,0,0,1,0,0,0,1,0,0,0,0,0,0
2017-10-01,-5.46204298188056,-12.4275,-20.395034790039,17.0281441539088,-15.0599886211783,52.6638488917751,0.00478456916005499,0.00662193040505499,0.016085351592886,-6099,-0.32,9.57,0.000257247989415747,0.365046527338782,-0.529412867446303,115.534446716309,2.50979042031559,2.97319786433861e-05,2.25234390062479,3.28952066159393,1,1,0,0,0,0,1,1,1,1,0,1,0,0,0,0,0,0
2017-11-01,-5.67900630416912,5.4098,-32.5888442993163,-13.1448370703062,20.5818931225919,-133.118772284535,0.00395883026624799,0.000498971974768003,-0.00409482950579809,4907.2,0,12.17,0.000218153501190179,0.209057807271577,-0.285323895492403,91.4615707397461,2.49540861105875,2.69203752225721e-05,2.32042504110035,3.23119955345638,1,1,1,1,1,1,1,1,1,1,1,1,1,0,0,0,0,0
2017-12-01,-5.7705385142131,-7.67096000000001,4.6595840454102,15.398820168901,-47.3918099521828,151.048573217976,-0.014047250286412,-0.010244391083148,0.00396308711411208,445.099999999999,0,15.36,0.000355335436585539,0.657913640872237,0.411056196553397,92.5960159301758,2.51153472215159,2.652111707274e-05,2.42303122239715,3.25617163901226,1,1,1,1,1,1,1,1,1,1,1,1,1,1,1,1,1,0
2018-01-01,-6.13357841367217,17.00762,9.7433319091797,-11.7410616924902,132.818560395782,-142.467824562782,0.00340154157416706,1.29311507339747e-05,0.00795272243622802,7124,1.76,18.27,0.000244112954938782,0.553929358625729,-1.15676726332772,82.7182540893555,2.50699724270194,2.55284243101961e-05,2.40152503739361,3.05964558498358,1,1,1,1,1,1,1,1,1,1,1,1,1,1,1,1,1,1
2018-02-01,-5.34686885820197,12.15433,-18.1379318237305,29.5470368056269,65.4870965730804,37.660085540375,0.010671893259422,0.00672925645213307,0.0205751719251339,-6525.2,-0.78,17.54,0.000774263456309349,-0.56697065939252,0.02485763019254,92.4267883300781,2.50696432747331,1.90353585916076e-05,2.60564826466678,3.10144270738395,1,1,1,1,1,1,1,1,1,1,1,1,1,1,1,1,1,1
2018-03-01,-5.27043112786403,-29.64414,52.8026046752929,-51.7220285261666,-178.692076512068,-31.4768862005757,0.00845855409649299,0.004603933950867,0.020686243521302,-3927,-0.67,26.63,0.00536166148290339,-0.938680517398961,-0.295211735626246,64.4913711547852,2.57853979933316,2.34718241090634e-05,2.98820402635082,3.29286950761063,1,1,1,1,1,1,0,1,1,1,1,1,1,1,1,1,1,1
2018-05-01,-5.06998172136787,-28.12058,-14.756805419922,-16.6675899908942,-61.4712102653521,76.924924230131,0.012379341023193,0.00308917364692396,0.010301301233156,722.200000000001,0,17.06,0.00236267715670936,-0.594642303330084,-0.0250950076703296,123.263473510742,2.58254845922058,2.6311133346113e-05,2.76820414307926,3.34215486530862,1,1,1,1,1,1,1,1,1,1,1,1,1,1,1,1,1,1
2018-06-01,-4.24924336683314,16.72291,48.106498718262,6.47677590311312,-180.096832274769,-13.3963129041981,0.013752384894729,0.00389503390912405,0.0232857455895511,6963,0.61,15.95,0.000922711268287089,0.189634706451577,-0.302218717529562,125.666618347168,2.67819012232089,3.13367734824139e-05,2.73631368615315,3.31817804804824,1,1,1,1,1,1,0,1,1,1,1,1,1,1,1,1,1,1
2018-07-01,-4.47101229542792,-16.30925,-51.38484954834,-6.58179798330391,405.315816878175,-119.612022994742,-0.014847708834421,-0.011747692424394,0.015559710556919,5976.3,-0.61,12.35,0.000622867056506263,-0.523200129445553,0.485590226236172,103.968589782715,2.68768039899619,3.07380526919329e-05,2.77819797048769,3.30248141995095,1,1,1,1,1,1,1,1,1,1,1,1,1,1,1,1,1,1
2018-08-01,-5.49038551591906,24.45885,26.344924926758,62.5736589482866,216.31950304664,15.9035823432402,-0.011007556192945,-0.00947804580393308,0.03337251507656,-3741.7,1.08,12.58,0.00065442998665328,-0.138436283159948,-0.376936274226887,110.028427124023,2.54727399412786,2.62544552286684e-05,2.55178617268102,3.27789918257874,1,1,1,1,1,1,0,1,1,1,1,1,1,1,1,1,1,1
2018-09-01,-5.49076373348945,-33.95063,-1.35565185546901,-55.3247211919904,-435.426193373816,17.6173361191581,-0.00993347353334995,-0.00539891459700392,0.047994785746626,8809.1,-1.08,14.98,0.000471272505073543,-0.38746799074127,-1.04522473532532,112.741683959961,2.56580486919398,2.8460316655136e-05,2.55412169211252,3.21967552333468,1,1,1,1,1,1,1,0,1,1,1,1,1,1,1,1,1,1
2018-10-01,-4.95815987902655,3.52458,-23.727394104004,21.1554914677881,-145.90175741688,-56.3278192829894,-0.00564712425134306,0.00105194983745294,0.062487492150226,-3011.5,0.61,18.34,0.000230074009964159,0.461271982642742,0.210795468852428,75.0539093017578,2.54289096384879,2.61202865492182e-05,2.49485697119885,3.28578651302536,1,1,1,1,1,1,1,1,0,1,1,1,1,1,1,1,1,1
2018-11-01,-4.09505629175349,8.85236999999999,19.259689331055,20.2633935926006,119.83911255909,78.4184833485952,0.00243368601185801,0.01016114703517,0.0893903928395829,-5135.8,-0.61,24.37,0.00457759382695213,-0.307709290862021,-0.345133041172957,92.0164794921875,2.78285207238474,3.42101264660692e-05,3.05541525415305,3.40518943079469,0,0,1,1,1,1,0,0,0,0,1,1,1,1,1,1,1,1
2018-12-01,-3.9956844818913,18.7113,13.146469116211,33.5479290554829,-40.1528096174833,-13.1112115018942,0.0124377726975961,0.018881909740827,0.03301034113245,-3986.1,0.44,22.66,0.00283733629102262,0.0333390082739801,-0.987293365570503,80.407585144043,2.73080883719119,3.84592145939907e-05,2.8942530877156,4.02606573780584,0,0,0,0,0,0,0,0,0,0,0,0,0,0,0,0,1,1
2019-01-01,-4.58231774824236,36.06294,182.424133300781,-26.7427116826699,278.794396013814,8.98209466721121,0.0209346996486239,0.021251891534809,0.06646898749473,7437.7,1.21,39.39,0.00679309697267124,1.04617733724414,-0.304504701702541,90.607666015625,3.08324739566157,5.09036302931959e-05,3.23553626876264,3.94874056777115,0,0,0,0,0,0,0,0,0,0,0,0,0,0,0,0,0,0
2019-02-01,-5.37451557877081,34.7452,-35.983917236328,23.5999795451963,33.7483433015683,92.3121903765703,0.00447913627515906,0.00271258454491297,-0.0191649639602098,10151.2,-1.27,38.01,0.00301139874367615,0.0357288491413909,-0.141993929367664,87.4241027832031,2.73336266260292,4.55160652573553e-05,2.8075938130211,3.55449058598244,0,0,0,0,0,0,1,1,0,0,0,0,0,0,0,0,0,0
2019-03-01,-5.64440555369349,-94.13135,-36.336517333985,-70.1928512812082,-408.527511144487,-148.292691971095,-0.00831697074193705,-0.00486556286279105,-0.0570213370002002,14796.3,-0.38,16.68,0.00053240341464187,0.361769341049763,-0.477010006335243,96.800163269043,2.70278414907151,3.93993890400707e-05,2.69327489745315,3.41015713815631,0,0,0,0,0,0,1,1,1,0,0,0,1,1,0,0,0,0
2019-04-01,-5.57681969456248,33.34671,-86.128097534179,67.078378060093,-19.4273750978462,151.094817173405,-0.000912802698748938,-0.00201363182464198,-0.0234493855090299,-15369.6,1.3,20.77,0.00110706261501446,-0.596675626924827,-0.283898280772271,82.3282928466797,2.6813136029275,4.25696124602076e-05,2.61812549635664,3.28653447334202,0,0,0,0,0,0,1,1,1,0,0,0,1,1,1,1,1,1
2019-05-01,-4.47154384444856,-41.51067,-71.6427688598637,-49.5922250290113,48.0096434702463,-151.964707036962,0.012359490000891,0.011802285417792,-0.00151611970611998,-8181.4,0.53,18.81,0.000374438106825046,0.647652425124511,-0.383142521548228,79.2534484863281,2.64960033604705,3.76703529028707e-05,2.57413777479331,3.3779287365018,1,1,1,0,1,0,1,1,1,0,0,0,1,1,1,1,1,1
2019-06-01,-4.54553915092537,23.80206,22.0302734374997,32.2640653644299,450.867103301591,11.8625105159532,-0.00422983569784396,-0.00091286916353206,0.0237011825870299,29890.4,-0.0900000000000001,19.53,0.001831632527485,-0.431489146419986,-1.24494788009645,106.471900939941,2.86098473137235,4.599252653279e-05,2.92905809135348,3.84823086908759,0,0,1,0,1,0,0,0,0,1,0,0,1,1,1,1,1,1
2019-07-01,-4.77373536142351,27.57802,284.681541442871,96.8831526192266,587.738004889424,195.460181219211,0.00136872616583994,0.00263850038455404,-0.0150644802004201,-16432.4,-1.01,19.79,0.00106481535327177,0.712750398620536,0.122084198280413,106.588455200195,2.74904154750951,4.38119638834001e-05,2.71336935752053,3.67528747739307,1,0,0,0,1,0,1,0,0,1,0,0,1,1,1,1,1,1
2019-08-01,-3.91104682833186,-0.143879999999996,-67.402465820312,-71.0350160534258,-773.491868827687,-71.2902778623564,0.011218898880013,0.00626031833243001,-0.0270653974225399,-18263.4,-0.73,21.45,0.000593541606905754,-0.387724164598661,-0.428312958939107,93.5212554931641,2.75160235702673,3.83604294533755e-05,2.78006078914011,3.4265402042109,1,0,1,0,1,0,1,1,0,1,0,0,1,1,1,1,1,1
2019-09-01,-3.4873105334371,40.49033,80.841156005859,41.2598082457282,1345.89477069272,-50.5297964352819,0.015583621487963,0.0135907081875449,0.00272693342750996,10304.1,0.8,30.88,0.00432528830700246,-0.6964946749388,-0.816493826302675,103.404418945312,2.81242919367674,4.73491459168452e-05,2.94338576906357,3.47072343956612,0,0,1,0,1,0,0,0,1,0,1,0,1,1,1,1,1,1
2019-10-01,-5.47856978126948,-56.10145,-115.861358642578,-53.2803014495508,-1027.56765275985,354.470757297655,0.022126009913954,0.016869391808725,-0.01145462330316,-905.400000000001,-0.8,16.24,0.000605424164923136,0.459008549325741,2.23582342507236,90.3679885864258,3.01503116979387,5.33593630914083e-05,2.78747732063982,3.65713075579936,0,0,0,0,0,0,0,0,0,0,1,0,0,0,0,1,1,1
2019-11-01,-5.16993772847693,-15.87356,81.123840332031,-35.1215215772912,-76.702155006833,-325.75640598138,0.033671653545187,0.028657992034313,0.00479574918935,7254.5,0.83,13.92,0.0015103066920867,-0.694193738785226,0.442656438181795,97.8367309570312,2.63104617666898,3.78662164402722e-05,2.58173085462239,3.5790645923642,0,0,0,0,0,0,1,0,0,0,1,0,1,1,0,1,0,1
2019-12-01,-5.45685704495805,13.26249,-109.532562255859,40.3485709560923,-244.795340322985,50.9703619098601,0.0467584005345061,0.037286397051793,0.0330296856411201,-435,-0.83,18.75,0.000306361627628315,0.545349314925986,0.0592485860670853,73.0783843994141,2.64179901313754,3.50649212045881e-05,2.53528284804485,3.60359384736864,0,0,0,0,0,0,1,1,1,1,0,1,1,1,1,1,0,1
2020-01-01,-4.99597337670723,11.71654,-5.91842651367199,-10.5040763186456,254.358411180118,198.802081174925,0.053139994856965,0.051152403909647,0.0573055992867999,13642.8,1.54,21.41,0.000502373284353316,-0.315882133305143,-0.209909133302493,74.2798919677734,2.65738366683486,3.21871690325947e-05,2.62321824620751,3.3428617776902,1,1,1,1,0,0,1,1,1,1,1,1,1,1,1,1,1,1
2020-02-01,-4.61361649788626,-12.07616,-57.239959716797,-40.3767388305407,-205.158111339747,-205.047571256581,0.085903661871459,0.079826241303574,0.0914889059069801,-10424.5,8.14,15.69,0.00111902276136596,-0.899758821194079,-0.266452778365079,138.420944213867,2.86744312542279,3.81232555067579e-05,2.93598227724736,3.69759135689988,0,0,1,0,1,0,0,0,0,0,0,0,1,1,1,1,1,1
2020-03-01,-0.597885949068214,29.12456,61.728393554688,4.77146538075758,-183.835828121629,-41.6049625814323,0.121319593589197,0.109804326599362,0.12321373015888,-2496.2,44.81,24.44,0.0047766373620181,-1.29668568313899,-0.239664311257515,75.9555587768555,4.79223820580636,5.39848611941323e-05,3.6916256949989,3.93671561801852,0,0,0,0,0,0,0,0,0,0,0,0,0,0,0,0,1,1
2020-04-01,-0.00631688842974428,122.63156,-65.613327026367,121.971602240774,-268.153976121339,40.7364117176164,0.22716304015753,0.194862835729483,0.12934821937807,16461.1,-4.9,63.36,0.0731531786529468,-0.0270294651587074,0.615023808136282,81.5400314331055,5.67878334667122,0.000162326872041503,3.98042905519208,5.13902852675828,0,0,0,0,0,0,0,0,0,0,0,0,0,0,0,0,0,0
2020-05-01,-2.63175126067462,-14.5308199999999,-91.453926086426,9.66777997866046,45.1044846484776,72.6690426356062,0.08175863567299,0.05108560649812,-0.0989952925959501,-34784.6,-27.52,38.32,0.0143075499077902,0.293670288766114,-1.24629103837435,69.3394012451172,3.97245162669002,7.79366677779388e-05,3.53076263069846,4.65376988780104,0,0,0,0,0,0,0,0,0,0,0,0,0,0,0,0,0,0
2020-06-01,-3.83254653684332,81.84343,11.997543334961,87.6107122454683,-78.4558903510525,-132.417815439682,0.0924054166185999,0.0298967171147602,-0.12105601086738,5051.7,43.14,35.74,0.00407023521395121,-0.285689038857396,0.885164869586995,68.5072174072266,3.57086885046004,6.34808530251437e-05,3.31454958325643,4.23743434317951,0,0,0,0,0,0,1,1,0,0,0,0,0,0,0,0,0,0
2020-07-01,-5.24012632686615,-119.20002,18.122840881347,-106.151047790704,-104.390694369094,-111.143491325746,-0.0537810472612299,-0.0495004197012301,-0.0779068447195801,2247.2,-38.66,37.05,0.00720853844596637,-1.67557121264702,-1.21286237247652,71.2278594970703,3.54353160437309,5.49648536956922e-05,3.41542897393766,4.05456368956392,0,0,0,0,0,0,1,1,1,0,0,0,0,0,0,0,0,0
2020-08-01,-5.67406541432131,74.70375,22.32080078125,3.5542865444001,32.7237134296832,73.9421526515842,-0.10618832819342,-0.0782137489791199,-0.0365662206219699,-1849.6,-9.34,28.31,0.00160794649342438,-0.282755201056079,-0.601255654455809,66.4732818603516,3.26022461536243,4.67683520334429e-05,3.19703909282945,3.7939149238165,0,0,0,0,0,0,1,1,1,0,0,0,0,0,0,0,0,0
2020-09-01,-4.0431790251209,-81.53718,-16.798370361328,-23.7906608818886,61.121442133588,27.3991979873656,-0.08556978131388,-0.0782109846511301,-0.01223046503285,-6458.3,4.65,29.67,0.000743392334529296,-0.0631530874223742,0.343477430878958,65.4660491943359,3.46343656094593,4.68383854398501e-05,3.27374272053139,3.48400549753152,1,0,1,0,1,0,1,1,1,0,0,0,1,0,0,0,0,0
2020-10-01,-3.93842157824983,-6.36807999999999,35.161224365235,19.9785348348381,-54.3494805771814,12.4150046698679,-0.0849146280841,-0.080652895955465,0.00422035825914002,5979.8,-2.8,20.93,0.00490744300444566,-0.507140554267782,-0.630778560954767,80.3773803710938,2.92050394032409,4.76141143975823e-05,3.2722270321905,3.78418963391826,1,0,1,0,1,0,0,0,1,1,0,0,1,0,1,0,1,0
2020-11-01,-4.12124020714985,31.11533,-74.781135559082,-2.77919315691128,234.614332239797,128.08427849269,-0.0619403957703901,-0.05641431817983,0.01052566850354,1784.7,18.31,30.43,0.00366040066612019,-0.619061591096855,0.245022623152127,76.0831680297852,4.62338455127639,5.14807626051517e-05,3.63811234910036,4.23178491814593,1,0,1,0,1,0,0,0,0,1,0,0,0,0,1,0,1,0
2020-12-01,-5.56154085451658,-2.46652,38.035484313964,90.8241817685739,-126.587910020506,26.2666812467885,-0.037720854606541,-0.031044610860932,0.03959729007155,-3132.3,-11,20.5,0.00249203046831123,0.00175558184391514,0.339279354672048,70.0674667358398,2.9561795910241,3.65497775883728e-05,3.0238336888289,3.85798909438731,1,1,1,1,1,1,1,1,1,1,1,0,1,0,1,0,1,0
2021-01-01,-5.24580232964296,-0.580999999999989,-83.4702529907222,-94.899185726934,-81.0243233185169,108.95559830814,-0.00561824941922895,-0.01088928243514,-0.05929392649786,-10175.8,-3.34,22.39,0.000678179490011253,0.479253050099359,-0.434038974034967,64.0672912597656,3.08139787257265,3.17036405621927e-05,3.12456514539696,3.63310248704712,1,1,1,1,1,1,1,1,1,1,1,0,1,1,1,1,1,0
2021-02-01,-4.9665497545827,-38.21368,74.2460861206052,-30.723730418513,-51.238847863551,-254.209602280298,0.0119655392589459,0.00365501526668299,-0.02635323343591,-2929.9,6.1,26.76,0.00207759137673531,-0.764440106778359,0.774061917406671,77.418701171875,3.91617405915452,3.64418126962298e-05,3.49923112654482,3.69386701460357,1,1,1,1,1,1,1,1,1,1,1,1,1,1,1,1,1,1
2021-03-01,-3.77443530423635,-55.97954,-29.390342712402,-76.6497219840448,-19.9968211231645,166.213986864437,0.058120669766124,0.035213884841095,-0.01118882670667,-2906.2,12.26,24.27,0.00150126738678399,-0.884829530890336,-0.476168502243644,73.9568023681641,3.42078468966235,3.29463706460745e-05,3.33041722689769,3.74926879362935,1,1,1,1,1,1,1,1,1,1,1,1,1,1,1,1,1,1
2021-04-01,-4.82972584118165,-12.13168,52.394660949707,16.9418749914423,-4.67450437946899,-152.216123270875,-0.000908363581559879,-0.000299782887033029,-0.0488953715432601,4551.8,-27.49,29.48,0.00247319395790062,0.319251549115887,-0.338830519660775,78.618766784668,2.81237672624739,2.27498801021858e-05,2.96527304640589,3.82100364046658,1,1,1,1,1,1,0,1,1,1,1,1,1,1,1,1,1,1
2021-05-01,-4.98237269593457,-14.91168,-108.208335876465,-18.1263618640387,24.7452397061058,-92.6124045509902,-0.089706244524394,-0.045795303445874,-0.036081108858527,1287.9,-3.61,24.68,0.00105928261190734,0.0322374817087821,-0.0983039832469379,88.1662216186523,2.78316717559768,1.88135207553399e-05,2.92369910345113,3.64779699311399,1,1,1,1,1,1,1,1,1,1,1,1,1,1,1,1,1,1
2021-07-01,-4.37505319950016,-13.43697,19.273498535156,-2.15177447191351,-1.94269852967903,150.934678906139,-0.0434652509829629,-0.0193706245444819,-0.012187936922193,6150.5,6.33,21.95,0.000607374799612866,-0.114760065348125,0.0630251482690324,74.1271209716797,2.69310072632003,1.77320995186422e-05,2.76190686907334,3.48859762320954,1,1,1,1,1,1,1,1,1,1,1,1,1,1,1,1,1,1
2021-08-01,-4.49002072506173,19.33205,-29.346954345703,18.1052761179769,-19.9426466885964,92.8321298615331,-0.00601879908450709,-0.01474288526078,-0.00177029428304298,-2172,-2.69,16.62,0.00112398735504485,-0.224291907700414,-1.24731369985071,58.420768737793,2.78266060461453,2.02589912646697e-05,2.90361697209784,3.49195169848073,1,1,1,1,1,1,1,1,1,1,1,1,1,1,1,1,1,1
2021-09-01,-5.39389926940629,-19.09637,66.183898925782,12.2029704370506,11.0666513504301,-245.259584544734,-0.00457559714425793,-0.00841996483365304,0.01023045709103,-2201.7,-6.07,19.64,0.000606103570565014,-0.477787487182456,0.684579432002313,89.4865493774414,2.71591835060769,1.7944068739733e-05,2.8021474967044,3.5345620581198,1,1,1,1,1,1,0,0,1,1,1,1,1,1,1,1,1,1
2021-10-01,-5.3576204318424,8.25308000000001,28.205154418945,10.6662442495592,-24.2019590329267,338.455584064388,0.0161929449891539,0.00883107370429803,0.0317978346218371,6734.3,5.92,23.48,0.00139344411091071,-0.422480177759488,-0.056228895043689,80.6969680786133,3.01526983222775,1.83368557202242e-05,3.14156269538906,3.65532267847485,1,1,1,1,1,1,1,1,1,1,1,1,1,1,1,1,1,1
2021-11-01,-3.73849764872059,-20.11613,-137.437454223633,-24.708025886255,33.2700961400223,170.815637273312,-0.036145253392656,-0.0124568008221569,0.00228456795425203,-13426.2,3.14,19.68,0.00115112036734789,-0.327158177043698,-1.38306325536784,79.0292358398438,2.6292897167144,1.16280341220644e-05,2.78870811819604,3.63547862909951,1,1,1,1,1,1,1,1,1,1,1,1,1,1,1,1,1,1
2021-12-01,-4.674102608058,29.33534,164.422897338867,42.0820365352218,12.080244083054,197.779727108778,-0.016714747331971,-0.0071834125490341,0.016834212819467,4078.7,-4.24,14.14,0.00132666519785768,-1.38011913779776,-1.48127467206408,86.5691452026367,3.40381589671352,2.48051187351353e-05,3.30284927828607,4.3205501321944,0,1,1,1,1,1,0,0,0,0,1,1,1,1,1,1,1,1
2022-01-01,-5.20015090250923,14.95581,-14.115112304687,29.0874036165736,-28.0925012585875,-383.832807122306,0.000416740383447967,0.013664844127614,0.023758328759237,13669.3,15.74,16.7,0.00251841469749006,0.249280627268045,0.0540151616364148,105.345420837402,2.6496312936625,1.59947694399728e-05,2.8460714591247,3.75232360160911,1,1,0,1,1,1,1,0,1,1,1,1,1,1,1,1,1,1
2022-02-01,-4.77530779289102,-27.00507,-3.44709777832099,-36.7056168929804,12.5266193535952,-15.0553723414209,0.012519071035894,0.028585542026907,0.0424463071497301,-2649,7.89,20.5,0.00278006293478995,0.527140499037202,0.0600981079387813,138.674987792969,3.15995170129303,2.4869399354039e-05,3.21205259644742,3.74596838506786,1,1,1,1,1,1,1,1,1,1,1,1,1,1,1,1,1,1
2022-03-01,-2.64783806504812,-1.18405000000001,65.475311279297,-45.8810786253019,76.3741369579096,-301.509741167465,-0.015239961422309,0.00480101027982804,-0.0278399963040001,-364.099999999999,-16.22,23.03,0.00367632344586391,-0.0769887458304551,0.166718533931828,216.15901184082,3.61641193021113,3.69058393185591e-05,3.4061849105208,3.96081316959758,1,1,1,1,1,1,1,1,1,1,1,1,1,1,1,1,1,1
2022-04-01,-3.90672607755187,51.95888,73.699920654297,122.365777012805,-43.5194926956706,229.829953525298,-0.010649506230295,0.00918298643086901,-0.00160582839780998,2044.1,-6.15,23.05,0.0047468097664249,-0.110599061303602,-0.438294838965656,318.954925537109,3.06299473125592,3.43379141434809e-05,3.0233474146114,4.05456368956392,1,1,1,1,1,1,1,1,1,1,1,1,1,1,1,1,1,1
2022-05-01,-4.05119336697464,-35.35045,-20.740234375,-28.6854054774205,-25.773827438491,-34.5669809853179,-0.00922353262250297,0.00776955461548601,0.02715283415898,14412.3,30.86,20.31,0.00492653816304529,-0.294477976796558,-0.152980010524628,191.143096923828,3.9143562011,3.2680535780136e-05,3.50855594566765,3.97217689951194,1,1,1,1,1,1,1,1,1,1,1,1,1,1,1,1,1,1
2022-06-01,-4.36475480171319,13.33887,-78.572967529297,6.3712509281998,33.6401642390304,106.806276645163,-0.017872990405985,0.00045339621867091,0.02754636934687,-16604.7,-26.81,27.86,0.0077600296536005,-0.504170549037313,-0.189333184970962,142.258483886719,3.08134271090847,3.47995745298806e-05,3.26537767891128,3.90841650370847,1,1,1,1,1,1,1,1,1,1,1,1,1,1,1,1,1,1
2022-07-01,-3.67437116313751,-22.02489,-77.312347412109,-27.8548555558629,19.1642746491464,-63.9638658437058,0.00153680365337405,0.00802310023032204,0.05865390738285,-2041.7,-3.13,17.1,0.007203428120114,-0.0614429372242035,-1.03064370976063,130.707321166992,3.58147548443086,4.84709012740396e-05,3.35724546224418,3.88977742768489,1,1,1,1,1,1,0,1,1,1,1,1,1,1,1,1,1,1
2022-08-01,-4.13999878405048,40.94547,95.385559082031,44.7869746122824,-25.7972583760522,-23.9521410593481,-0.00516955094481109,0.011077743371351,0.00958414711548006,-3434.6,0.42,24.54,0.00318774179925719,0.367518044806372,-0.972376710293447,117.176765441895,3.06169360369285,4.28599053583712e-05,3.06011452890642,3.83276329471116,1,1,1,1,1,1,0,0,0,1,1,1,1,1,1,1,1,1
2022-09-01,-4.14100428354097,-23.68159,-101.587173461914,-56.9747783101671,78.9472282481474,-36.2232333793174,-0.037965178381035,-0.039785234765177,0.000766451663629875,11989.8,-1.05,14.14,0.00334892481507871,-0.347651660229554,-0.195119082706474,132.863220214844,3.4163351549689,4.62901265036228e-05,3.25308402863835,3.95335688063388,0,0,0,1,1,1,0,0,0,0,1,1,0,1,0,1,1,1
2022-10-01,-4.37472864715622,10.94365,89.580795288086,13.0233539261928,-100.066469313736,5.77432826788657,-0.021780747909134,-0.021613762345529,0.0228291335334301,-9018.2,0.309999999999999,16.86,0.00493369770249673,-0.417380635053811,-0.238582469122689,131.985870361328,4.15995724188816,5.89054372849226e-05,3.45378985832255,4.01980057294201,0,0,0,0,0,0,0,0,0,0,1,1,0,0,0,0,0,1
2022-11-01,-4.23455846397573,3.23965999999999,-40.994003295898,16.227550858832,42.4150434294619,80.8698475430106,-0.00339073240766796,-0.0156648157117389,-0.0124466545417601,6403,-6.7,20.87,0.00650394925436138,0.0643782791008609,0.21302914635811,143.162414550781,3.37711557988059,5.6265225717615e-05,3.25347043720482,3.85883317369555,0,0,0,0,0,0,1,0,0,0,0,1,0,0,0,0,0,0
2022-12-01,-4.66344678963825,-5.68586999999999,26.710983276367,46.2664107125023,-11.5319848786323,-74.6284493556768,0.0154358459644359,-0.000616467709518065,-0.0397248255739899,5665.8,4.1,17.71,0.00634275283818006,1.19749045788768,0.0982783178007991,116.716285705566,3.02582051747681,5.4298143892547e-05,3.02431972669871,3.83189699401233,0,0,0,0,0,0,0,1,0,0,0,1,0,0,0,0,0,0
2023-01-01,-4.80465391664614,-35.30411,-51.757141113281,-71.4945780179087,-65.1038226382531,-162.537808112027,0.018860733475361,0.00280438385987403,-0.0106232417899299,-17222.5,4.95,21.68,0.00270139750477774,0.0987462774541142,-0.128995917972464,111.195938110352,3.12190814725906,4.83532416851604e-05,3.07592881906898,3.71989346696286,0,0,0,0,0,0,0,0,1,0,0,1,0,0,0,0,0,0
2023-02-01,-4.8845712812604,2.69148999999999,3.87457275390599,-22.6551093564102,84.3272999370066,96.102070879623,0.001291560257216,-0.00528229064359198,-0.00982966047346001,11933.8,-12.57,20.09,0.00228645661733181,-0.000222249907083468,-1.14441353426531,104.267044067383,3.03151393552053,4.92561455640931e-05,2.96527304640589,3.65195608021843,0,0,0,0,0,0,0,0,0,0,0,0,0,0,0,0,0,0
2023-03-01,-4.27816509971589,-18.98802,-7.33892822265599,24.9416535539852,-73.9998126312,137.314498048585,-0.0319211820363779,-0.032355066572708,-0.0438594473938601,2688,1.21,18.83,0.00174037228024676,-0.0113105774304443,-0.0197282665772237,120.99437713623,3.03714395555761,3.9875720059289e-05,3.0301337371283,3.56727658065918,0,0,0,0,0,0,0,0,0,0,0,0,0,0,0,0,0,0
2023-04-01,-4.71532336741768,27.80588,19.294601440429,71.5122035297791,59.060108587185,-148.810361972855,-0.0232427098203321,-0.0184561343684519,-0.02551275239087,-14291.3,1.03,31.19,0.00288945986552705,-0.279934157473318,-0.418837956483529,105.379974365234,2.95164375367838,4.91373850796565e-05,2.92852356465944,3.69734353630861,0,0,0,0,0,0,0,0,0,0,0,0,0,0,0,0,0,0
2023-05-01,-4.30206825861478,-20.52113,15.209518432617,-58.2736863654525,-39.4193521835208,36.5938865335673,-0.0207199732667019,-0.019792200156987,-0.0233765578192,19902.3,5.81,21.04,0.00102891200857418,0.481878986326377,0.773870589902822,106.80965423584,2.82786671012638,4.71752031700339e-05,2.75874329849575,3.57318800959572,0,0,0,0,0,0,1,0,0,0,0,0,0,0,0,0,0,0
2023-06-01,-4.48881702310147,28.7715,54.607452392579,-44.0332190215773,43.884965735255,36.7528915251981,-0.01090850923786,-0.014969047957896,0.000624308854519917,-329.400000000001,-3.23,23.97,0.00136938640041242,0.608816787010829,-0.190543413597543,108.467681884766,3.0313955656344,5.55312032267437e-05,2.88703288639975,3.70573657868222,0,0,0,0,0,0,0,0,0,0,0,0,0,0,0,0,0,0
2023-07-01,-5.1827708915348,-15.13581,-47.445983886719,10.112336033616,-44.6206310142142,-59.4264605084391,-0.00943698548401495,-0.01128175265806,0.00949364342259007,-19630.4,6.57,18.83,0.00111386256563691,0.146554937475125,-0.475245697333961,110.528945922852,2.69136501588559,4.01382544812773e-05,2.60933423939101,3.50495657927323,0,0,0,0,0,0,1,0,0,0,0,0,0,0,0,0,0,0
2023-08-01,-5.3876361752129,-27.26451,-133.209915161133,-29.7272052197584,-38.9703706996605,-15.1423572380374,-0.014043251443418,-0.013989148920166,-0.00722512447100998,-2029.5,4.62,18.11,0.000537246782937382,-0.258267382551579,-0.267966225747872,107.448783874512,2.7442048242957,4.01414434693663e-05,2.61227325410469,3.34920207047061,1,1,0,0,0,0,1,1,1,1,0,0,1,0,0,0,0,0
2023-09-01,-5.58626080414164,-29.29941,82.933013916016,-16.2261071394284,25.364048440581,73.2900212236608,-0.00426280144048408,-0.00261822355982999,0.00911513212331005,6608.5,-11.89,17.28,0.00133653916700235,0.107867016753249,-0.124688113956501,101.141181945801,2.75767953979623,4.2815882588562e-05,2.60786145135777,3.27940630450064,1,1,1,1,1,1,1,1,1,1,1,0,1,1,1,1,1,0
2023-10-01,-4.17461705903141,23.90432,-16.146408081055,25.1333234894138,-6.04548657091948,-95.2768227231286,0.00619867742087499,-0.0101648723578981,0.0100845413469499,-5868.5,-0.39,19.57,0.00102297312185572,-0.454108183540828,-0.360594242086662,98.6348114013672,2.82110763198309,3.5865329974095e-05,2.86334311163631,3.47320796970005,1,1,1,1,1,1,1,1,1,1,1,1,1,1,1,1,1,1
2023-11-01,-4.38540241782466,9.30047,27.677490234375,-10.1946695933826,7.5554927745664,107.613505346461,0.0195966450039261,0.00462801016315706,0.00986226363234,-1035,-3.19,16.61,0.001678093014024,-0.112359390963314,0.291953967062828,197.887008666992,3.09166468847735,4.99736656208717e-05,2.89811941104027,3.73743153466911,1,1,1,1,1,1,0,0,0,1,1,0,1,1,1,1,1,1
2023-12-01,-4.69402298138035,7.77727,65.453125,17.528295247335,-15.8949363118001,20.4830097325288,0.0100793453273179,0.000893487842470009,0.01019599080272,1924.3,-0.24,18.77,0.00134134367090234,0.864061563379067,-0.0381623423659344,156.696136474609,2.82597959071497,4.42782920875904e-05,2.55877650425956,3.67376585503178,0,0,1,1,1,1,0,0,0,1,0,0,1,1,1,1,1,1
2024-01-01,-4.88470471061497,-19.70387,-144.253341674805,15.0515959233425,1.28974885483576,-17.9305590919315,0.00478949800777706,-0.00489210468280499,-0.0124714420269401,-169.799999999999,12.88,17.59,0.000797013221121597,-0.780485500835041,-0.143260134084196,142.27946472168,2.79234546689013,4.3107488514047e-05,2.52172060759065,3.58961148615773,0,0,0,0,0,0,0,0,0,1,0,0,0,0,0,0,1,1
2024-02-01,-5.37559731559386,16.19262,24.644622802735,16.673768318715,26.4252682345922,-55.1186852823104,0.0141069866999399,0.00499518866666793,-0.03382298967465,756.700000000001,5.04,19.3,0.000979507885877645,-0.189046456185235,-0.370988205495025,160.373657226562,2.66173669348379,3.29679771097019e-05,2.66374996878889,3.61765194482557,0,0,0,0,0,0,1,0,0,0,0,0,1,1,0,0,0,1
